{"spot_diameter_fullres": 67.05111, "tissue_hires_scalef": 0.2233888, "fiducial_diameter_fullres": 108.31332999999998, "tissue_lowres_scalef": 0.06701664}